s_m,x_m,y_m,z_m,Q_m3s,speed_mps,vx_mps,vy_mps,vz_mps,radius_m,diameter_plume_m,plume_temp_C,plume_salinity_psu,ambient_temp_C,ambient_salinity_psu,plume_density_kgm3,ambient_density_kgm3,gprime_mps2,local_Froude,alpha_tophat,dQds_shear_m2s,dQds_forced_m2s,dQds_total_m2s,dilution_bulk,bulk_to_centerline_ratio,dilution_centerline,centerline_delta_T_C,bulk_delta_T_C,trajectory_angle_deg,current_perp_mps,current_tangent_mps,horizontal_distance_m
0.0,0.0,0.0,1.6,1.1111111111111112,2.2104853207207684,2.1351648599170643,0.0,0.5721156999220885,0.4,0.8,30.0,35.0,20.0,35.0,1021.7286394941123,1024.7630049942754,0.029037894895846125,20.510444623517504,0.0783037962052578,0.43502109002921,0.0,0.43502109002921,1.0,1.0,1.0,10.0,10.0,14.999999999999998,0.0,0.0,0.0
0.007914685125916103,0.0076449521922938276,0.0,1.6020486450666565,1.1145542449021968,2.2036834496740605,2.128568807448246,0.0,0.5704520824098376,0.40123708241507905,0.8024741648301581,29.9691075261089,35.0,20.0,35.0,1021.7391825243487,1024.7630049942754,0.0289370015117518,20.45134686394816,0.07830690682437384,0.4350410230327537,0.0,0.4350410230327537,1.003098820411977,1.0008651336331784,1.0022317560116119,9.97773213632251,9.9691075261089,15.002606575360883,0.0,0.0,0.0076449521922938276
0.08706153638507713,0.08408929711867362,0.0,1.622554402350395,1.1489943555345177,2.137894656856781,2.064766801055515,0.0,0.5543749823682079,0.4136098381111883,0.8272196762223766,29.670292162525175,35.0,20.0,35.0,1021.8408063183656,1024.7630049942754,0.0279644947226323,19.878672709401233,0.07833855820832084,0.4352438114775978,0.0,0.4352438114775978,1.0340949199810658,1.0094578801944685,1.0244062087878805,9.761752627243846,9.670292162525175,15.029055085773148,0.0,0.0,0.08408929711867362
0.24706153638507714,0.23859642979394602,0.0,1.6641181358707753,1.2186673636090928,2.0161942392025978,1.9467210419765015,0.0,0.5247060080842101,0.4386331687522483,0.8772663375044966,29.11742731684015,35.0,20.0,35.0,1022.0271187489524,1024.7630049942754,0.02618154511525057,18.814123840648552,0.07840559842942556,0.43567313526237533,0.0,0.43567313526237533,1.0968006272481834,1.0265074258806088,1.0684780251903898,9.359106845663131,9.117427316840152,15.084645345154671,0.0,0.0,0.23859642979394602
0.40706153638507714,0.3930621299277609,0.0,1.7058355814271327,1.2884111618297054,1.9075796457428316,1.841341855917125,0.0,0.4983174435036607,0.46367209856960667,0.9273441971392133,28.623886101182126,35.00000000000001,20.0,35.0,1022.1915503761733,1024.7630049942754,0.024607987708096933,17.858260248907836,0.07847678843307074,0.4361287663141022,0.0,0.4361287663141022,1.1595700456467348,1.0431360167838812,1.111619220302482,8.995886196785,8.623886101182126,15.143071348650327,0.0,0.0,0.3930621299277609
0.5670615363850772,0.5474841742552685,0.0,1.7477143324496787,1.3582299974489713,1.8100466246172258,1.7466890028667479,0.0,0.4747065520430258,0.4887275729368373,0.9774551458736745,28.180581442009093,35.0,20.0,35.0,1022.3377144466097,1024.7630049942754,0.023209244901848794,16.99518261527781,0.07855220583292169,0.43661118478309824,0.0,0.43661118478309824,1.2224069977040741,1.059354046314907,1.153917334772418,8.666132051800968,8.180581442009093,15.204327073243874,0.0,0.0,0.5474841742552685
0.7270615363850772,0.7018603200362201,0.0,1.789761959556597,1.4281281964744401,1.7219803160077523,1.6611991876951286,0.0,0.45346826517321315,0.5138005551720903,1.0276011103441807,27.78019167924885,35.0,20.0,35.0,1022.4684758141575,1024.7630049942754,0.021957900972751482,16.211958638230257,0.07863193201213438,0.4371208949440629,0.0,0.4371208949440629,1.285315376826996,1.0751716512700846,1.195451326593918,8.365041534975763,7.780191679248854,15.268406536508879,0.0,0.0,0.7018603200362201
0.8870615363850772,0.8561883040009299,0.0,1.8319860102511858,1.4981101675228417,1.6420650661244776,1.583598757513724,0.0,0.43427256025147914,0.5388920273872021,1.0777840547744042,27.41675168621516,35.0,20.0,35.0,1022.5861340994765,1024.7630049942754,0.020831949296022525,15.497959715960393,0.07871605210741912,0.43765842512511793,0.0,0.43765842512511793,1.3482991507705575,1.090598718167418,1.2362926237765668,8.088699881952287,7.41675168621516,15.335303744678328,0.0,0.0,0.8561883040009299
1.0470615363850773,1.0104658413397454,0.0,1.874394008491338,1.5681804056629134,1.569218196818818,1.5128395886983217,0.0,0.4168478476547474,0.5640029913328766,1.1280059826657531,27.085352597818066,35.0,20.0,35.0,1022.6925558100457,1024.7630049942754,0.01981352799971491,14.844368452248888,0.07880465499034202,0.43822432763638713,0.0,0.43822432763638713,1.411362365096622,1.1056448894259112,1.276506027020529,7.833883889558147,7.085352597818066,15.405012651984107,0.0,0.0,1.0104658413397454
1.2070615363850772,1.1646906247298123,0.0,1.9169934541573477,1.638343496246865,1.5025406218094326,1.4480512818847702,0.0,0.40096858383089073,0.5891344692394119,1.1782689384788239,26.781917916825478,35.0,20.0,35.0,1022.7892712151034,1024.7630049942754,0.01888799290292994,14.243807643200018,0.07889783324664239,0.43881917869951337,0.0,0.43881917869951337,1.4745091466221785,1.1203195693923955,1.316150486795368,7.597915360232494,6.7819179168254795,15.477527128207857,0.0,0.0,1.1646906247298123
1.367061536385077,1.3188603233947311,0.0,1.9597918224371238,1.7086041187306733,1.4412795134826601,1.3885050222577688,0.0,0.3864459071458336,0.614287504652578,1.228575009305156,26.503034254280966,35.0,20.0,35.0,1022.8775464384305,1024.7630049942754,0.01804322761122706,13.690057084620632,0.07899568315400556,0.43944357837854225,0.0,0.43944357837854225,1.5377437068576059,1.1346319302195513,1.3552797747900964,7.378550308218673,6.5030342542809665,15.552840932318464,0.0,0.0,1.3188603233947311
1.527061536385077,1.47297258219396,0.0,2.0027965631430473,1.778967050483431,1.3847997236779457,1.3335859139511057,0.0,0.37312046956674544,0.6394631632643273,1.2789263265286546,26.245821758245427,35.0,20.0,35.0,1022.9584378374551,1024.7630049942754,0.01726912312621093,13.177834816309904,0.07909830465854661,0.44009815051219625,0.0,0.44009815051219625,1.6010703454350879,1.1485909175988023,1.3939430661546766,7.173894144461684,6.245821758245431,15.630947690689823,0.0,0.0,1.47297258219396
1.687061536385077,1.6270250207397412,0.0,2.0460150999712554,1.8494371705859578,1.332561653761438,1.2827715575523981,0.0,0.36085688605043015,0.6646625337380672,1.3293250674761343,26.007833781988264,35.0,20.0,35.0,1023.0328335300057,1024.7630049942754,0.016557180447956468,12.702626288901403,0.07920580135014746,0.4407835426473368,0.0,0.4407835426473368,1.6644934535273619,1.1622052563516643,1.4321854460996462,6.982336000713861,6.007833781988266,15.71184087881189,0.0,0.0,1.6270250207397412
1.8470615363850769,1.7810152325399784,0.0,2.089454829711621,1.9200194636188437,1.2841039376029806,1.2356152866473293,0.0,0.3495393911577314,0.6898867285282434,1.3797734570564868,25.786978372692605,35.0,20.0,35.0,1023.1014854671158,1024.7630049942754,0.01590020364865809,12.260549614089726,0.07931828043672681,0.44150042597335887,0.0,0.44150042597335887,1.7280175172569592,1.1754834558830418,1.4700483521129994,6.802497336653129,5.786978372692609,15.795513805697809,0.0,0.0,1.7810152325399784
2.007061536385077,1.9349407841659987,0.0,2.133123121414843,1.9907190234400505,1.2390297589895372,1.1917329226141757,0.0,0.3390684072855291,0.7151368846939988,1.4302737693879977,25.58145623781231,34.99999999999999,20.0,35.0,1023.1650344634645,1024.7630049942754,0.015292060339419168,11.848248293572555,0.07943585271748269,0.4422494952572311,0.0,0.4422494952572311,1.7916471210960454,1.1884338154998846,1.5075699611782205,6.633191332748921,5.581456237812316,15.881959600394445,0.0,0.0,1.9349407841659987
2.167061536385077,2.0887992144444896,0.0,2.177027315521684,2.061541056952156,1.1969959436389646,1.150792215322301,0.0,0.3293578088367215,0.7404141647066798,1.4808283294133595,25.389711290804023,34.99999999999999,20.0,35.0,1023.2240299205356,1024.7630049942754,0.014727492926010785,11.462805093597336,0.07955863255512716,0.44303146877893695,0.0,0.44303146877893695,1.8553869512569403,1.2010644295985227,1.5447855298463353,6.473390517190261,5.389711290804032,15.971171200149776,0.0,0.0,2.0887992144444896
2.3270615363850773,2.2425880336731954,0.0,2.2211747229583523,2.1324908878592823,1.1577041908580334,1.1125043550781157,0.0,0.32033272305913324,0.7657197572509603,1.5314395145019206,25.210390897503466,34.99999999999999,20.0,35.0,1023.2789455068585,1024.7630049942754,0.014201968554045272,11.101672349475768,0.07968673784711652,0.44384708826708086,0.0,0.44384708826708086,1.919241799073354,1.2133831927239291,1.5817276937591658,6.322200742552468,5.210390897503477,16.063141339897143,0.0,0.0,2.2425880336731954
2.4870615363850774,2.396304722860168,0.0,2.265572624201215,2.2035739604137237,1.1208939706966878,1.076617096828657,0.0,0.31192774862205125,0.7910548780193608,1.5821097560387216,25.042313673476595,34.99999999999999,20.0,35.0,1023.3301917276159,1024.7630049942754,0.013711558821900715,10.762615150875044,0.07982028999587139,0.44469711883445184,0.0,0.44469711883445184,1.9832165643723512,1.2253978045040672,1.618426732186763,6.178840105099068,5.042313673476604,16.15786254279485,0.0,0.0,2.396304722860168
2.6470615363850776,2.549946732986541,0.0,2.3102282683134416,2.2747958431522504,1.0863367288477976,1.042909150308776,0.0,0.3040855021962744,0.8164207704999278,1.6328415409998556,24.884443210391183,35.0,20.0,35.0,1023.3781260786144,1024.7630049942754,0.013252842610514752,10.443664709828523,0.07995941387798443,0.44558234891341586,0.0,0.44558234891341586,2.047316258837025,1.2371157744624084,1.6549108022866261,6.04262174504075,4.884443210391191,16.25532711161795,0.0,0.0,2.549946732986541
2.8070615363850777,2.7035114842929286,0.0,2.355148871955683,2.3461622326220493,1.0538311267501594,1.011185572302249,0.0,0.29675542467709687,0.8418187067568503,1.6836374135137007,24.735866495768036,34.99999999999999,20.0,35.0,1023.4230613080489,1024.7630049942754,0.012822827020972498,10.143079841365775,0.08010423781239755,0.44650359019095975,0.0,0.44650359019095975,2.111546009359844,1.2485444267116286,1.6912061470821331,5.91293971894152,4.735866495768043,16.355527120843757,0.0,0.0,2.7035114842929286
2.967061536385078,2.856996365589656,0.0,2.4003416183725337,2.4176789570962396,1.0231991073894562,0.9812739582087581,0.0,0.2898927945015133,0.8672499882037739,1.7344999764075477,24.59577607626454,35.0,20.0,35.0,1023.4652721840379,1024.7630049942754,0.012418882611387091,9.85931495458451,0.08025489352754402,0.44746167754331956,0.0,0.44746167754331956,2.1759110613866155,1.259690904531418,1.7273372805656755,5.789257322533535,4.595776076264545,16.45845440930585,0.0,0.0,2.856996365589656
3.127061536385078,3.0103987335911166,0.0,2.4458136563562394,2.4893519802788893,0.9942826243872444,0.9530212756984497,0.0,0.2834579073239719,0.8927159463695817,1.7854318927391635,24.463455228161944,35.0,20.0,35.0,1023.5050010732447,1024.7630049942754,0.01203869001130193,9.590993304118655,0.08041151612743752,0.44845746897007616,0.0,0.44845746897007616,2.240416782251,1.2705621748332625,1.763327152836903,5.671097381964343,4.46345522816195,16.564100573317884,0.0,0.0,3.0103987335911166
3.287061536385078,3.163715912274618,0.0,2.4915720991888812,2.5611874049994388,0.9669409074788828,0.9262912176113755,0.0,0.27741539022217376,0.9182179436564003,1.8364358873128006,24.338265559725226,34.99999999999999,20.0,35.0,1023.5424625667657,1024.7630049942754,0.011680195653437928,9.336884519207343,0.08057424405670163,0.4494918455276839,0.0,0.4494918455276839,2.305068664499495,1.2811650325149908,1.799197297770866,5.558034136884045,4.338265559725235,16.67245696018851,0.0,0.0,3.163715912274618
3.4470615363850783,3.3169451922641318,0.0,2.5376240235640988,2.6331914768964397,0.9410481644895493,0.900961977403952,0.0,0.2717336253788081,0.9437573740895903,1.8875147481791805,24.219636592553076,35.0,20.0,35.0,1023.5778473374401,1024.7630049942754,0.011341574860491307,9.0958856321981,0.08074321906451952,0.4505657112623351,0.0,0.4505657112623351,2.3698723292067956,1.291506104707806,1.8349679653608468,5.449686418930751,4.2196365925530825,16.783514662064615,0.0,0.0,3.3169451922641318
3.6070615363850784,3.4700838302394144,0.0,2.5839764684892734,2.7053705880905023,0.9164916406265622,0.8769243704916354,0.0,0.26638426337945836,0.9693356640594802,1.9386713281189605,24.10705696292555,35.0,20.0,35.0,1023.6113253732162,1024.7630049942754,0.011021200902859792,8.867004986123387,0.08091858616750688,0.45167999314220436,0.0,0.45167999314220436,2.434833529281452,1.3015918549184593,1.8706582405849386,5.345711890630053,4.107056962925559,16.89726451005297,0.0,0.0,3.4700838302394144
3.7670615363850786,3.623129048370992,0.0,2.6306364341689887,2.77773128084634,0.8931699719072956,0.8540802403265613,0.0,0.261341810280335,0.994954273054593,1.989908546109186,24.000066956702046,35.0,20.0,35.0,1023.6430487009907,1024.7630049942754,0.010717618932391426,8.649348523731508,0.08110049361148151,0.45283564098896056,0.0,0.45283564098896056,2.499958152761706,1.3114285870691513,1.9062861503947708,5.245802157209772,4.000066956702052,17.013697068580015,0.0,0.0,3.623129048370992
3.9270615363850787,3.7760780337815474,0.0,2.6776108808705055,2.850280251223808,0.8709917819949714,0.8323411001038313,0.0,0.2565832757229504,1.0206146943861214,2.041229388772243,23.898252147781044,35.0,20.0,35.0,1023.6731536919999,1024.7630049942754,0.010429523920528268,8.442108056326413,0.08128909283213179,0.4540336274085977,0.0,0.4540336274085977,2.565252226101427,1.3210224494376892,1.941868760211729,5.1496786007874515,3.8982521477810472,17.132802629958174,0.0,0.0,3.7760780337815474
4.087061536385079,3.928927938034252,0.0,2.7249067277719226,2.9230243527178117,0.8498744814727038,0.811626970436288,0.0,0.25208787182034414,1.0463184559033991,2.0926369118067982,23.801237954374226,35.0,20.0,35.0,1023.7017630217438,1024.7630049942754,0.010155741902476029,8.244551186455649,0.08148453841456907,0.45527494772154803,0.0,0.45527494772154803,2.6307219174460306,1.3303794385003598,1.9774222611343517,5.057088815346644,3.8012379543742294,17.254571209132816,0.0,0.0,3.928927938034252
4.247061536385079,4.081675876648626,0.0,2.7725308517936558,2.995970599886982,0.8297432362821192,0.7918653807875632,0.0,0.24783675446973621,1.0720671207001147,2.1441342414002293,23.708684962239033,35.0,20.0,35.0,1023.7289873432453,1024.7630049942754,0.009895213964648571,8.056012618439876,0.08168698805176694,0.45656061989213986,0.0,0.45656061989213986,2.6963735398982838,1.339505402679923,2.0129620489052904,4.967803543756974,3.708684962239035,17.378992538590122,0.0,0.0,4.081675876648626
4.407061536385079,4.234318928644506,0.0,2.8204900864138303,3.0691261719710035,0.8105300781597755,0.7729905083648881,0.0,0.24381280027817157,1.0978622878110187,2.1957245756220374,23.620284891701115,35.0,20.0,35.0,1023.7549267213138,1024.7630049942754,0.009646982519235337,7.875886638611719,0.08189660250185447,0.45789168445726586,0.0,0.45789168445726586,2.762213554773903,1.3484060460010663,2.0485027955531123,4.881614036216104,3.6202848917011186,17.506056063410025,0.0,0.0,4.234318928644506
4.567061536385079,4.386854136114722,0.0,2.8687912204681654,3.142498416496482,0.7921731347788616,0.7549424328915982,0.0,0.2400004135102337,1.1237055928988635,2.247411185797727,23.53575710739695,35.0,20.0,35.0,1023.7796718666269,1024.7630049942754,0.009410179494436472,7.703620585414917,0.08211354554430093,0.45926920445451924,0.0,0.45926920445451924,2.8282485748468336,1.3570869316556065,2.084058514509791,4.798329763956836,3.5357571073969547,17.635750936452073,0.0,0.0,4.386854136114722
4.727061536385079,4.539278503827094,0.0,2.917440996934913,3.2160948528712523,0.7746159612156246,0.7376664894661992,0.0,0.23638535844806455,1.1495987089313213,2.2991974178626426,23.4548455874028,34.99999999999999,20.0,35.0,1023.8033052014408,1024.7630049942754,0.009184016135959289,7.538709160552959,0.08233798393493091,0.4606942653495048,0.0,0.4606942653495048,2.894485367584127,1.3655534854796638,2.1196426199061777,4.717776433671933,3.4548455874028026,17.76806601366505,0.0,0.0,4.539278503827094
4.88706153638508,4.691588998856358,0.0,2.966446111705413,3.28992317596702,0.757806957516232,0.7211127047702318,0.0,0.23295461334553696,1.1755433468476257,2.3510866936952515,23.377316282726014,34.99999999999999,20.0,35.0,1023.8259017830717,1024.7630049942754,0.008967774169601853,7.38068945731526,0.08257008735983622,0.4621679749627437,0.0,0.4621679749627437,2.9609308583703178,1.3738109993449885,2.1552679806625825,4.639794257475932,3.377316282726018,17.9029898495138,0.0,0.0,4.691588998856358
5.04706153638508,4.843782550246637,0.0,3.015813212340828,3.363991259690239,0.7416988596991091,0.7052353043647038,0.0,0.22969624280031728,1.2015412562146734,2.403082512429347,23.30295480973819,34.99999999999999,20.0,35.0,1023.8475301067898,1024.7630049942754,0.00876079811781564,7.229136602765234,0.08281002838809984,0.4636914633957393,0.0,0.4636914633957393,3.027592133721215,1.381864634466551,2.1909469699179134,4.564236440818402,3.3029548097381913,18.040510692518627,0.0,0.0,4.843782550246637
5.20706153638508,4.99585604870508,0.0,3.0655488968156273,3.4383071605411333,0.7262482936130649,0.689992280833476,0.0,0.22659928589054765,1.2275942258723322,2.4551884517446645,23.23156442758372,34.99999999999999,20.0,35.0,1023.8682528060607,1024.7630049942754,0.00856248859862489,7.0836599270327,0.08305798242340669,0.46526588295666776,0.0,0.46526588295666776,3.09447644448702,1.3897194246284703,2.226691510276833,4.490967856951479,3.2315644275837196,18.180616480904376,0.0,0.0,4.99585604870508
5.36706153638508,5.147806346327278,0.0,3.1156597122483976,3.51287912116078,0.7114153827783177,0.6753450141842405,0.0,0.22365365785094654,1.2537040845676932,2.5074081691353864,23.162964260335723,34.99999999999999,20.0,35.0,1023.888127265109,1024.7630049942754,0.008372296463588556,6.943899586785518,0.08331412765449488,0.4668924080854683,0.0,0.4668924080854683,3.1615912090447016,1.397380279330293,2.2625131152988094,4.4198638816196665,3.1629642603357233,18.323294838358226,0.0,0.0,5.147806346327278
5.52706153638508,5.299630256355073,0.0,3.166152153620584,3.587715573866163,0.6971634027406919,0.6612579372760362,0.0,0.22085006341502805,1.2798727015780125,2.559745403156025,23.096987730032808,34.99999999999999,20.0,35.0,1023.9072061563282,1024.7630049942754,0.008189717654963256,6.809523581227884,0.08357864500446172,0.4685722352784496,0.0,0.4685722352784496,3.2289440164795464,1.4048519868555895,2.2984229276044457,4.350809365803969,3.0969877300328053,18.46853306989563,0.0,0.0,5.299630256355073
5.68706153638508,5.451324552967363,0.0,3.2170326624837755,3.6628251441731323,0.6834584756276124,0.64769824016358,0.0,0.21817992024066063,1.3061019873220765,2.612203974644153,23.033481171981908,35.0,20.0,35.0,1023.9255379130607,1024.7630049942754,0.008014288681352765,6.680225108367876,0.0838517180789303,0.4703065830124724,0.0,0.4703065830124724,3.296542629755819,1.4121392172647877,2.3344317539321553,4.283697727790001,3.033481171981907,18.616318157835885,0.0,0.0,5.451324552967363
5.84706153638508,5.6028859711045165,0.0,3.2683076256561656,3.7382166543072004,0.6702692995546417,0.6346356081781259,0.0,0.21563529107697146,1.332393893959745,2.66478778791949,22.972302608065483,35.0,20.0,35.0,1023.9431671466247,1024.7630049942754,0.007845582626891744,6.555720217111283,0.0841335331130703,0.47209669166869933,0.0,0.47209669166869933,3.36439498887648,1.419246525314113,2.3705500974412175,4.218430148679011,2.972302608065482,18.766636757889025,0.0,0.0,5.6028859711045165
6.007061536385081,5.754311206326963,0.0,3.319983373908861,3.8138991267021067,0.6575669083301736,0.6220419893378977,0.0,0.2132088235309547,1.3587504159794024,2.7175008319588048,22.913320657413124,35.0,20.0,35.0,1023.9601350150989,1024.7630049942754,0.00768320562209947,6.435745717243651,0.08442427891748815,0.4739438234560132,0.0,0.4739438234560132,3.432509214031896,1.426178353302459,2.4067881875247767,4.154914857831483,2.9133206574131214,18.919475195356924,0.0,0.0,5.754311206326963
6.167061536385081,5.905596914708566,0.0,3.372066180642712,3.8898817874861056,0.6453244575730567,0.6098913873269788,0.0,0.21089369645945552,1.3851735907730705,2.770347181546141,22.856413566822514,35.0,20.0,35.0,1023.9764795502422,1024.7630049942754,0.007526793715364313,6.320057314831501,0.08472414682299309,0.47584926233415564,0.0,0.47584926233415564,3.5008936087374947,1.4329390338479682,2.443156007367814,4.093066496712877,2.856413566822511,19.074819461451714,0.0,0.0,5.905596914708566
6.327061536385081,6.0567397127653315,0.0,3.424562260556389,3.9661740699559376,0.6335170339170588,0.5981596768228091,0.0,0.20868357215243472,1.4116654991989277,2.8233309983978554,22.80146834584962,35.0,20.0,35.0,1023.9922359479835,1024.7630049942754,0.007376010093046419,6.208427945171182,0.08503333062423353,0.47781431393656226,0.0,0.47781431393656226,3.5695566629603435,1.4395327925960602,2.479663319460051,4.032805551270368,2.801468345849619,19.232655209736144,0.0,0.0,6.0567397127653315
6.487061536385081,6.207736177420006,0.0,3.477477768306438,4.042785618038435,0.6221214844463038,0.5868244384076303,0.0,0.20657255359132742,1.4382282661309784,2.876456532261957,22.748379993619906,35.0,20.0,35.0,1024.0074368271241,1024.7630049942754,0.0072305426037853945,6.100646279272162,0.08535202652223028,0.47984030549304085,0.0,0.47984030549304085,3.6385070562345914,1.445963750860598,2.516319689251582,3.9740578443648618,2.7483799936199036,19.392967752689646,0.0,0.0,6.207736177420006
6.647061536385081,6.358582846003111,0.0,3.5308187971600957,4.119726289739737,0.6111162639025345,0.5758648106832663,0.0,0.20455514616581513,1.4648640609956267,2.9297281219912534,22.697050806210978,35.0,20.0,35.0,1024.0221124602328,1024.7630049942754,0.00709010154890332,5.996515383158645,0.08568043306579495,0.4819285857522245,0.0,0.4819285857522245,3.7077536607657633,1.4522359281998423,2.55313450711952,3.91675408095993,2.697050806210976,19.555742058405503,0.0,0.0,6.358582846003111
6.807061536385081,6.5092762162909255,0.0,3.584591377641655,4.197006160582112,0.600481297540844,0.5652613575336768,0.0,0.20262622331653032,1.4915750982949063,2.9831501965898126,22.647389754979546,35.0,20.0,35.0,1024.0362909801527,1024.7630049942754,0.006954417706205937,5.895851512028697,0.08601875109188876,0.4840805249040933,0.0,0.4840805249040933,3.7773055445239008,1.4583532449288066,2.5901170087966583,3.860829439765695,2.6473897549795433,19.720962747424405,0.0,0.0,6.5092762162909255
6.967061536385081,6.659812746580922,0.0,3.638801476173223,4.274635527028342,0.5901978577955835,0.5549959487556843,0.0,0.20078099564269947,1.518363638116124,3.036727276232248,22.59931192749792,35.00000000000001,20.0,35.0,1024.0499985650733,1024.7630049942754,0.006823240558897611,5.798483023723654,0.08636718366486862,0.4862975145022458,0.0,0.4862975145022458,3.8471719743255073,1.4643195245695826,2.6272762943977903,3.806223205881795,2.599311927497917,19.88861408970959,0.0,0.0,6.659812746580922
7.1270615363850816,6.810188855805141,0.0,3.693454993710733,4.352624909893706,0.5802484531608836,0.5450516525132383,0.0,0.19901498307460744,1.5452319866276705,3.090463973255341,22.552738023865803,35.00000000000001,20.0,35.0,1024.0632596047133,1024.7630049942754,0.0066963367052737845,5.704249397933351,0.08672593601469178,0.48858096738629264,0.0,0.48858096738629264,3.917362418904335,1.4701384962411639,2.664621346165827,3.7528784397037067,2.5527380238657993,20.058680001770096,0.0,0.0,6.810188855805141
7.287061536385082,6.960400923681954,0.0,3.7485577643760988,4.430985057745546,0.5706167278974722,0.5354126382712092,0.0,0.19732398976272772,1.5721824965607694,3.1443649931215387,22.507593902102748,35.00000000000001,20.0,35.0,1024.0760968498194,1024.7630049942754,0.006573488428056475,5.6130003493167075,0.08709521547410844,0.49093231760449935,0.0,0.49093231760449935,3.987886551970991,1.4758137969902692,2.702161045047667,3.7007416779718976,2.5075939021027454,20.231144043937665,0.0,0.0,6.960400923681954
7.447061536385082,7.110445290906662,0.0,3.8041155540864517,4.509726950290432,0.5612873713549332,0.526064089036491,0.0,0.19570408137986697,1.5992175676769218,3.1984351353538436,22.463810167131193,35.00000000000001,20.0,35.0,1024.0885315469118,1024.7630049942754,0.00645449240492997,5.524595024239615,0.08747523141475196,0.4933530203361234,0.0,0.4933530203361234,4.058754255261388,1.4813489740646135,2.739904186199108,3.649762663369756,2.4638101671311925,20.405989417803703,0.0,0.0,7.110445290906662
7.607061536385082,7.26031825938132,0.0,3.860134059181405,4.58886180174897,0.5522460358508774,0.5169921218816494,0.0,0.19415156457087396,1.6263396472208265,3.252679294441653,22.421321798550633,35.00000000000001,20.0,35.0,1024.1005835599315,1024.7630049942754,0.006339158544414444,5.43890127202262,0.08786619518231452,0.4958445518144521,0.0,0.4958445518144521,4.129975621574073,1.4867474871300537,2.777859493508464,3.599894099528375,2.421321798550632,20.58319896382291,0.0,0.0,7.26031825938132
7.767061536385082,7.410016092484192,0.0,3.916618905049347,4.668401064218278,0.5434792621796092,0.5081837158532795,0.0,0.19266296831733298,1.6535512303585485,3.307102460717097,22.380067812997908,35.0,20.0,35.0,1024.1122714802596,1024.7630049942754,0.006227308933014719,5.355794982794248,0.08826832003069289,0.4984084092498235,0.0,0.4984084092498235,4.20156095779645,1.4920127104329917,2.8160356332199945,3.5510914286853343,2.38006781299791,20.762755159089984,0.0,0.0,7.410016092484192
7.927061536385082,7.559535015379173,0.0,3.9735756447537796,4.748356431022174,0.5349744119359944,0.4996266464767355,0.0,0.19123502701302975,1.6808548606007103,3.3617097212014206,22.339990957401493,35.0,20.0,35.0,1024.123612726381,1024.7630049942754,0.00611877688147222,5.275159484939393,0.08868182105517114,0.5010461107529388,0.0,0.5010461107529388,4.273520787919956,1.4971479349093897,2.854441226730609,3.5033126295802903,2.3399909574014925,20.944640115295908,0.0,0.0,7.559535015379173
8.087061536385082,7.708871215365507,0.0,4.031009757660752,4.8287398400491455,0.5267196059380544,0.4913094261635979,0.0,0.18986466507050617,1.708253130210509,3.416506260421018,22.30103742988109,35.0,20.0,35.0,1024.1346236343084,1024.7630049942754,0.006013406059438672,5.196884995965656,0.089106915124709,0.5037591952587697,0.0,0.5037591952587697,4.345865856044231,1.5021563702417113,2.8930848626264782,3.456518033460495,2.30103742988109,21.128835576870692,0.0,0.0,7.708871215365507
8.247061536385083,7.85802084226809,0.0,4.0889266480684805,4.9095634770781444,0.5187036681166237,0.48322124991033866,0.0,0.18854898290028138,1.735748680596331,3.471497361192662,22.263156625428486,35.0,20.0,35.0,1024.1453195397546,1024.7630049942754,0.0059110497091085755,5.120868121364553,0.08954382081326306,0.5065492224505573,0.0,0.5065492224505573,4.41860712937033,1.5070411468650775,2.9319751080200067,3.410670156321042,2.2631566254284845,21.315322919318948,0.0,0.0,7.85802084226809
8.407061536385083,8.006980008868618,0.0,4.147331643840255,4.990839779092319,0.510916074314075,0.4753519457479593,0.0,0.18728524412279407,1.763344202688783,3.526688405377566,22.22630090383945,35.0,20.0,35.0,1024.15571485291,1024.7630049942754,0.005811569929629119,5.047011396602888,0.08999275833035146,0.5094177726849958,0.0,0.5094177726849958,4.4917558011830865,1.5118053179238906,2.9711205192421586,3.3657335457232453,2.2263009038394506,21.50408314775548,0.0,0.0,8.006980008868618
8.567061536385083,8.155744791377805,0.0,4.206229995041783,5.072581437580725,0.503346905498267,0.4676919294644828,0.0,0.18607086388919286,1.7910424373019307,3.5820848746038614,22.190425377657483,35.0,20.0,35.0,1024.1658231266026,1024.7630049942754,0.005714837024826377,4.975222868036294,0.09045394945059314,0.5123664469169631,0.0,0.5123664469169631,4.565323293822653,1.5164518611801499,3.010529651940139,3.3216746407249267,2.1904253776574856,21.69509689564684,0.0,0.0,8.155744791377805
8.727061536385083,8.304311229948834,0.0,4.26562687258413,5.154801401828165,0.49598680495383424,0.4602321631763483,0.0,0.18490339820114698,1.8188461754785705,3.637692350957141,22.15548771814381,35.0,20.0,35.0,1024.1756571184967,1024.7630049942754,0.0056207289079855905,4.905415708862892,0.0909276174426318,0.5153968666260045,0.0,0.5153968666260045,4.639321261645349,1.5209836808746475,3.0502110706260104,3.2784616436224687,2.155487718143811,21.888344423766302,0.0,0.0,8.304311229948834
8.887061536385083,8.452675329232234,0.0,4.325527366873464,5.237512882193225,0.4888269390618722,0.45296411737213654,0.0,0.18378053413210166,1.8467582588193434,3.693516517638687,22.121447977509945,35.0,20.0,35.0,1024.1852288479447,1024.7630049942754,0.005529130557797553,4.837507866811426,0.0914139869971378,0.5185106737426963,0.0,0.5185106737426963,4.713761593973902,1.5254036095422168,3.0901733577177857,3.236064402349709,2.1214479775099475,22.083805619368118,0.0,0.0,8.452675329232234
9.047061536385083,8.600833058972237,0.0,4.385936486468804,5.320729353374621,0.481858961321933,0.44587973609354403,0.0,0.18270008086315578,1.8747815797955267,3.7495631595910535,22.088268425843534,35.0,20.0,35.0,1024.194549648011,1024.7630049942754,0.005439933520507895,4.77142174050437,0.09191328415414246,0.5217095305761923,0.0,0.5217095305761923,4.788656418037159,1.529714409782155,3.130425122110935,3.194454302505953,2.0882684258435353,22.28145999558751,0.0,0.0,8.600833058972237
9.207061536385083,8.748780354644726,0.0,4.446859156749041,5.404464557666054,0.47507497930787024,0.4389714049549406,0.0,0.18165996145617475,1.902919082045346,3.805838164090692,22.055913401328603,35.0,20.0,35.0,1024.203630213142,1024.7630049942754,0.005353035453726007,4.707083881822126,0.0924257362296729,0.5249951197426221,0.0,0.5249951197426221,4.864018101899448,1.5339187759849409,3.1709750073149894,3.153604168097011,2.0559134013286053,22.481286691073652,0.0,0.0,8.748780354644726
9.367061536385084,8.89651311814428,0.0,4.508300218572519,5.488724819167406,0.46846818047502164,0.43223252723894495,0.0,0.18065845818619225,1.93117105546931,3.86234211093862,22.02435200837716,35.0,20.0,35.0,1024.2124798481102,1024.7630049942754,0.005268347313798072,4.644431127782751,0.09285033593324254,0.5277936844190844,0.0,0.5277936844190844,4.939852337250666,1.538019336016315,3.211827199809837,3.1134925317875353,2.0243520083771616,22.683264448545682,0.0,0.0,8.89651311814428
9.527061536385084,9.044027219839919,0.0,4.57026442379787,5.57326160226406,0.46205320968832975,0.42567630396967054,0.0,0.17970212247496756,1.959448179141415,3.91889635828283,21.993646073709762,35.00000000000001,20.0,35.0,1024.2210818471117,1024.7630049942754,0.005186028969852409,4.5836097129671565,0.0929786677766047,0.528918748110071,0.0,0.528918748110071,5.015935442037654,1.542018652859781,3.2528370734914605,3.0742394328611162,1.99364607370976,22.887367573129925,0.0,0.0,9.044027219839919
9.687061536385084,9.191318507638153,0.0,4.632756414560772,5.657979663600753,0.4558302616877178,0.41930256751719114,0.0,0.17879201420584945,1.9877152872864519,3.9754305745729037,21.963794812235147,35.00000000000001,20.0,35.0,1024.22943706682,1024.7630049942754,0.005106072223800908,4.524624972079682,0.09310811848036143,0.5300596561766003,0.0,0.5300596561766003,5.092181697240678,1.5459192262185557,3.293950686994539,3.0358681565825694,1.9637948122351452,23.093561615213353,0.0,0.0,9.191318507638153
9.847061536385084,9.338382812974116,0.0,4.6957807107751925,5.742881535209182,0.4497914027887086,0.4131036632677876,0.0,0.1779260223164916,2.0159716358515603,4.0319432717031205,21.93476237372993,35.00000000000001,20.0,35.0,1024.2375561479219,1024.7630049942754,0.005028375247720964,4.467402691404269,0.09323865793496593,0.5312163698138734,0.0,0.5312163698138734,5.168593381688264,1.5497234940779623,3.335171339557846,2.998346706027322,1.9347623737299318,23.301810780656396,0.0,0.0,9.338382812974116
10.007061536385084,9.48521595248546,0.0,4.759341708324449,5.8279697426952035,0.44392913653487975,0.40707236047020146,0.0,0.17710215020101328,2.044216468773,4.088432937546,21.90651489312171,35.0,20.0,35.0,1024.2454491264464,1024.7630049942754,0.004952842000062446,4.411872689944331,0.09337025567164613,0.5323888474968499,0.0,0.5323888474968499,5.245172768425683,1.553433834229252,3.3765022061773977,2.961644740437232,1.9065148931217109,23.512078731568604,0.0,0.0,9.48521595248546
10.167061536385084,9.631813729605891,0.0,4.823443677618531,5.913246804800409,0.4382363737603787,0.4012018233336576,0.0,0.17631850793491574,2.072449018651518,4.144898037303036,21.879020355127242,35.0,20.0,35.0,1024.2531254760295,1024.7630049942754,0.004879381821199335,4.35796854670648,0.09350288087631385,0.5335770449410193,0.0,0.5335770449410193,5.321922124320368,1.5570525657558019,3.41794634385839,2.9257334650582547,1.879020355127245,23.724328597463277,0.0,0.0,9.631813729605891
10.327061536385084,9.778171936205355,0.0,4.8880907622097345,5.998715232957678,0.43270640507029,0.3954855844587459,0.0,0.17557330512973235,2.1006685074507714,4.201337014901543,21.85224846981655,35.0,20.0,35.0,1024.260594146686,1024.7630049942754,0.004807909062390021,4.305627349726138,0.09363650240413818,0.5347809150661483,0.0,0.5347809150661483,5.39884370966191,1.5605819504826153,3.459506697480577,2.890585529804757,1.8522484698165538,23.938522987201665,0.0,0.0,9.778171936205355
10.487061536385085,9.92428635427501,0.0,4.953286977469308,6.084377530841158,0.4273328755143258,0.3899175203843518,0.0,0.17486484435889582,2.128874147217775,4.25774829443555,21.826170558087476,35.0,20.0,35.0,1024.267863600419,1024.7630049942754,0.004738342745002095,4.254789464828135,0.09377108879477065,0.5360004079631016,0.0,0.5360004079631016,5.475939777757041,1.5640241943900377,3.50118610530359,2.8561749359315747,1.8261705580874787,24.154624001723192,0.0,0.0,9.92428635427501
10.647061536385085,10.070152757655078,0.0,5.019036209327754,6.170236193911202,0.42210976125284133,0.38449182905655094,0.0,0.17419151510242603,2.1570651408242782,4.3141302816485565,21.800759446141715,35.0,20.0,35.0,1024.2749418439662,1024.7630049942754,0.004670606247155546,4.20539832234021,0.09390660828820636,0.5372354708638207,0.0,0.5372354708638207,5.5532125745200815,1.567381448992566,3.542987304136723,2.8224769499806546,1.800759446141717,24.372593247554647,0.0,0.0,10.070152757655078
10.807061536385085,10.215766913803499,0.0,5.085342213081351,6.256293708954754,0.41703134803498043,0.379203009045464,0.0,0.17355178816347222,2.185240682727907,4.370481365455814,21.7759893681474,35.0,20.0,35.0,1024.281836458945,1024.7630049942754,0.004604627015223366,4.157400220166767,0.09404302884126449,0.538486048114557,0.0,0.538486048114557,5.630664338059279,1.5706558126836145,3.584912934195783,2.7894680243450147,1.7759893681474006,24.592391851091065,0.0,0.0,10.215766913803499
10.967061536385085,10.361124585603234,0.0,5.152208612267387,6.342552553621715,0.4120922113271526,0.3740458403538433,0.0,0.17294421051451767,2.2133999597518415,4.426799919503683,21.75183587635651,35.00000000000001,20.0,35.0,1024.2885546296397,1024.7630049942754,0.004540336297933142,4.110744141774064,0.0941803181446682,0.5397520811524211,0.0,0.5397520811524211,5.708297298259543,1.5738493320470799,3.6269655436679287,2.7571257238598026,1.7518358763565092,24.813980473636462,0.0,0.0,10.361124585603234
11.127061536385085,10.506221533205968,0.0,5.2196388976105315,6.429015195957835,0.40728719794637097,0.36901536667691653,0.0,0.17236740053533098,2.241542151881737,4.483084303763474,21.72827575801922,35.00000000000001,20.0,35.0,1024.2951031686346,1024.7630049942754,0.0044776689010613,4.065381587775302,0.09431844364070344,0.5410335084853378,0.0,0.5410335084853378,5.786113676362052,1.5769640031365222,3.6691475930038284,2.725428657889796,1.7282757580192198,25.037319327193785,0.0,0.0,10.506221533205968
11.287061536385085,10.651053515909853,0.0,5.287636426042655,6.515684093934668,0.4026114090674576,0.36410687898700894,0.0,0.17182004360848982,2.269666433078535,4.53933286615707,21.70528695850283,35.00000000000001,20.0,35.0,1024.3014885404923,1024.7630049942754,0.004416562960835659,4.0212664199692885,0.09445737254143258,0.5423302656754563,0.0,0.5423302656754563,5.8641156845412015,1.5800017727227633,3.7114614589550556,2.694356417435479,1.705286958502829,25.262368190987203,0.0,0.0,10.651053515909853
11.447061536385085,10.795616294068825,0.0,5.356204419798326,6.602561694977154,0.39806018448602026,0.3593159003289038,0.0,0.17130088804169624,2.297771972105749,4.595543944211498,21.68284851008114,35.00000000000001,20.0,35.0,1024.307716883647,1024.7630049942754,0.004356959734431819,3.978354716761563,0.09459707184743876,0.5436422853260883,0.0,0.5436422853260883,5.942305525479438,1.5829645395106824,3.753909438373327,2.6638895168268304,1.6828485100811403,25.489086428702667,0.0,0.0,10.795616294068825
11.607061536385086,10.93990563103098,0.0,5.425345965588096,6.689650435489398,0.39362908803056706,0.3546381717229878,0.0,0.17080874128905857,2.3258579333697655,4.651715866739531,21.66094046591214,35.00000000000001,20.0,35.0,1024.3137940306676,1024.7630049942754,0.00429880340605109,3.936604639025853,0.09473750836707327,0.5449694970722159,0.0,0.5449694970722159,6.020685391940457,1.585854155325968,3.7964937517869806,2.634009339615817,1.6609404659121403,25.717433006426234,0.0,0.0,10.93990563103098
11.767061536385086,11.083917295103362,0.0,5.495064013851588,6.7769527403792225,0.3893138940273699,0.35006963908311023,0.0,0.17034246644620102,2.35392347777165,4.7078469555433,21.639543838768066,35.00000000000001,20.0,35.0,1024.319725527027,1024.7630049942754,0.004242040907317985,3.895976305506612,0.09487864873617752,0.5463118275746184,0.0,0.5463118275746184,6.0992574663412995,1.5886724262725702,3.8392165467689963,2.6046980883159065,1.6395438387680656,25.94736651126023,0.0,0.0,11.083917295103362
11.927061536385086,11.22764706154048,0.0,5.565361378092251,6.864471022582065,0.38511057473082666,0.3456064410649185,0.0,0.1699009789964397,2.381967763568886,4.763935527137772,21.61864054412334,35.000000000000014,20.0,35.0,1024.325516648513,1024.7630049942754,0.004186621750650378,3.8564316770423237,0.09502045943824922,0.5476692005176524,0.0,0.5476692005176524,6.1780239203238585,1.5914211138615728,3.8820799011098477,2.575938737670263,1.6186405441233367,26.178845170594816,0.0,0.0,11.22764706154048
12.087061536385086,11.37109071455376,0.0,5.636240734295555,6.952207682584819,0.3810152886402496,0.34124489776832917,0.0,0.16948324378738816,2.4099899472454616,4.819979894490923,21.59821334724282,35.000000000000014,20.0,35.0,1024.3311724173836,1024.7630049942754,0.004132497874666697,3.817934448826796,0.09516290682502053,0.5490415366107141,0.0,0.5490415366107141,6.256986914326337,1.5941019361121962,3.9250858258075394,2.5477149911601282,1.598213347242817,26.411826872009726,0.0,0.0,11.37109071455376
12.247061536385086,11.514244049339105,0.0,5.707704620432222,7.040165107950205,0.3770243696313339,0.3369815002248707,0.0,0.16908827221927644,2.437989184388655,4.87597836877731,21.578245813946005,35.00000000000001,20.0,35.0,1024.3366976173784,1024.7630049942754,0.004079623500529158,3.780449950113587,0.09530595713741476,0.5504287535934054,0.0,0.5504287535934054,6.3361485971551845,1.5967165686256153,3.9682362678863337,2.5200112404916006,1.5782458139460016,26.646269183780724,0.0,0.0,11.514244049339105
12.407061536385086,11.65710287411965,0.0,5.779755436047997,7.128345672842262,0.37313431683712717,0.3328129006069802,0.0,0.16871511962796307,2.4659646305708582,4.9319292611417165,21.55872226475246,35.00000000000001,20.0,35.0,1024.342096807679,1024.7630049942754,0.004027954998346142,3.743945050767165,0.09544957652684619,0.5518307662444143,0.0,0.5518307662444143,6.415511105558036,1.5992666456322646,4.011533113054881,2.4928125278229984,1.5587222647524632,26.882129375961323,0.0,0.0,11.65710287411965
12.567061536385086,11.799663012200773,0.0,5.852395441941267,7.216751737553562,0.36934178521921934,0.3287359031020348,0.0,0.1683628828471689,2.4939154422347514,4.987830884469503,21.53962773214057,35.00000000000001,20.0,35.0,1024.3473743358984,1024.7630049942754,0.0039774507628678206,3.708388074103653,0.09559373107682669,0.5532474863941109,0.0,0.5532474863941109,6.4950765637982055,1.601753761013285,4.054978188213747,2.466104510516513,1.5396277321405705,27.119364442010212,0.0,0.0,11.799663012200773
12.727061536385087,11.94192030403434,0.0,5.9256267599297265,7.305385648034732,0.36564357677518694,0.3247474553990267,0.0,0.16803069793585101,2.521840777580084,5.043681555160168,21.520947920675507,35.00000000000001,20.0,35.0,1024.3525343501824,1024.7630049942754,0.003928071097685151,3.6737487155568824,0.0957383868248422,0.5546788229408661,0.0,0.5546788229408661,6.574847083231258,1.6041794692967524,4.098573263821641,2.4398734282172327,1.5209479206755063,27.35793112093385,0.0,0.0,11.94192030403434
12.887061536385087,12.08387060928917,0.0,5.999451372707095,7.394249735426891,0.36203663233308087,0.3208446407404014,0.0,0.1677177380578486,2.54973979745038,5.09947959490076,21.50266916978422,35.00000000000001,20.0,35.0,1024.3575808104913,1024.7630049942754,0.0038797781072599253,3.6399979667246445,0.09588350978445884,0.5561246818710598,0.0,0.5561246818710598,6.654824761884202,1.6065452866293075,4.142320056129067,2.4141060720800125,1.5026691697842196,27.597785919908254,0.0,0.0,12.08387060928917
13.047061536385087,12.225509808924617,0.0,6.07387112379077,7.483346315597573,0.3585180238880736,0.3170246704957425,0.0,0.16742321150209485,2.5776116662177886,5.155223332435577,21.484778418974432,35.00000000000001,20.0,35.0,1024.3625174991237,1024.7630049942754,0.003832535596220118,3.607108044366932,0.09602906596761984,0.5575849662827733,0.0,0.5575849662827733,6.735011684037816,1.608852691723797,4.186220229287507,2.3887897559804196,1.4847784189744329,27.83888513734747,0.0,0.0,12.225509808924617
13.207061536385087,12.366833807264223,0.0,6.148887717561092,7.572677688680739,0.35508494744025393,0.313284877217738,0.0,0.16714635983267687,2.605455552664349,5.210911105328698,21.467263175312404,35.0,20.0,35.0,1024.367348030545,1024.7630049942754,0.0037863089753025817,3.575052324012217,0.09617502140709283,0.55905957641313,0.0,0.55905957641313,6.815409919812665,1.611103126783517,4.2302753973417415,2.3639122895601288,1.467263175312406,28.081184886381678,0.0,0.0,12.366833807264223
13.367061536385087,12.507838534066288,0.0,6.2245027193927625,7.662246138621453,0.3517347162960693,0.30962270814425685,0.0,0.1668864561589487,2.6332706308579343,5.266541261715869,21.450111482990042,35.0,20.0,35.0,1024.372075860572,1024.7630049942754,0.0037410651734578713,3.54380527782025,0.09632134217902563,0.5605484096692469,0.0,0.5605484096692469,6.896021524759307,1.6132979984036382,4.274487126112432,2.3394619529699736,1.4501114829900463,28.32464111870761,0.0,0.0,12.507838534066288
13.527061536385087,12.64851994658827,0.0,6.300717555878781,7.7520539327257945,0.34846475479908834,0.30603571911343225,0.0,0.1666428035167231,2.6610560810211394,5.322112162042279,21.433311894826325,35.0,20.0,35.0,1024.37670429496,1024.7630049942754,0.003696772555682022,3.5133424163752065,0.09646799442556823,0.562051360662741,0.0,0.562051360662741,6.976848539453215,1.615438678450372,4.318856934975605,2.3154274731854447,1.43331189482633,28.56920964877156,0.0,0.0,12.64851994658827
13.687061536385087,12.788874031641901,0.0,6.377533515147065,7.842103321216573,0.34527259245863634,0.30252156886142756,0.0,0.1664147333523331,2.688811090391392,5.377622180782784,21.416853445561,35.0,20.0,35.0,1024.3812364974417,1024.7630049942754,0.003653400846076993,3.483640234157558,0.0966149443775196,0.5635683212477473,0.0,0.5635683212477473,7.057892989094915,1.6175265049184326,4.363386298545275,2.291798001779933,1.4168534455610062,28.814846178246533,0.0,0.0,12.788874031641901
13.847061536385088,12.928896807635907,0.0,6.45495174726979,7.9323965367954035,0.3421558584474593,0.2990780136750795,0.0,0.1662016041020265,2.7165348540705785,5.433069708141157,21.40072562681036,35.0,20.0,35.0,1024.3856754972537,1024.7630049942754,0.003610921055828625,3.4546761583950856,0.09676215837695604,0.5650991805623802,0.0,0.5650991805623802,7.139156883115863,1.6195627827673276,4.4080766482650775,2.268563094050504,1.4007256268103652,29.06150632076278,0.0,0.0,12.928896807635907
14.007061536385088,13.068584326603245,0.0,6.5329732647652685,8.022935794211682,0.33911227644192876,0.29570290237390057,0.0,0.16600279985975708,2.744226575862538,5.488453151725076,21.384918363565543,35.0,20.0,35.0,1024.3900241961924,1024.7630049942754,0.003569305415686528,3.426428501079431,0.09690960289979769,0.5666438250735556,0.0,0.5666438250735556,7.220642214790513,1.6215487847369983,4.45292937391436,2.2457126893996686,1.384918363565549,29.309145626847958,0.0,0.0,13.068584326603245
14.167061536385088,13.207932676209829,0.0,6.611598943192039,8.113723289839001,0.33613965978046567,0.29239417159799697,0.0,0.16581772912703976,2.771885469096744,5.543770938193488,21.369421992123613,35.0,20.0,35.0,1024.3942853752305,1024.7630049942754,0.0035285273126412545,3.398876413915715,0.09705724457827183,0.5682021386251146,0.0,0.5682021386251146,7.302350960855101,1.623485752143326,4.497945825033905,2.2232370928844216,1.3694219921236168,29.5577196090384,0.0,0.0,13.207932676209829
14.327061536385088,13.34693798174167,0.0,6.690829521834648,8.204761201259526,0.3332359069177917,0.2891498413803509,0.0,0.16564582363899505,2.7995107574366087,5.599021514873217,21.354227239350415,35.0,20.0,35.0,1024.3984617007266,1024.7630049942754,0.003488561230507209,3.3719998459964544,0.09720505022322871,0.5697740024891403,0.0,0.5697740024891403,7.384285081133573,1.6253748956539933,4.5431273122761,2.201126957850982,1.3542272393504184,29.80718376711501,0.0,0.0,13.34693798174167
14.487061536385088,13.485596408067506,0.0,6.770665604480437,8.296051686856819,0.33039899715441334,0.28596801098363195,0.0,0.1654865372612147,2.827101675670822,5.654203351341644,21.339325203182383,35.0,20.0,35.0,1024.4025557302566,1024.7630049942754,0.0034493826941088303,3.3457795040242915,0.09735298684626846,0.571359295420385,0.0,0.571359295420385,7.466446518171137,1.6272173960451912,4.588475108684112,2.179373269580144,1.3393252031823892,30.05749361342281,0.0,0.0,13.485596408067506
14.647061536385088,13.623904161573948,0.0,6.851107660286475,8.387596885417627,0.3276269866223556,0.2828468549832703,0.0,0.1653393449524887,2.854657470486203,5.709314940972406,21.324707334281698,35.0,20.0,35.0,1024.4065699180944,1024.7630049942754,0.0034109682168415845,3.320196814897741,0.09750102168163738,0.572957893713708,0.0,0.572957893713708,7.548837196875865,1.6290144049396424,4.633990450904307,2.1579673298740905,1.3247073342817044,30.308604698230788,0.0,0.0,13.623904161573948
14.807061536385088,13.761857492070305,0.0,6.932156024735605,8.479398915743086,0.3249180045096334,0.27978461957995343,0.0,0.1652037417888071,2.8821774012206434,5.764354802441287,21.31036541876593,35.0,20.0,35.0,1024.4105066203656,1024.7630049942754,0.003373295251346658,3.295233890512893,0.09764912220785134,0.5745696712644034,0.0,0.5745696712644034,7.631459024168778,1.6307670455264036,4.679674540335943,2.136900742520894,1.3103654187659357,30.560472635086548,0.0,0.0,13.761857492070305
14.967061536385089,13.899452694660253,0.0,7.013810900680409,8.571459876269806,0.3222702495073105,0.2767796191260118,0.0,0.16507924204443147,2.90966074059469,5.81932148118938,21.296291561939444,35.0,20.0,35.0,1024.4143680998943,1024.7630049942754,0.003336342143129638,3.2708734946110196,0.09779725616900672,0.5761944996313161,0.0,0.5761944996313161,7.714313888642825,1.632476413262895,4.725528544221917,2.116165399577869,1.29629156193945,30.813053126124448,0.0,0.0,13.899452694660253
15.127061536385089,14.036686111577652,0.0,7.096072359473726,8.663781844701258,0.3196819864642159,0.27383023285135055,0.0,0.16496537832612715,2.937106775420458,5.874213550840916,21.282478172959372,34.99999999999999,20.0,35.0,1024.4181565307717,1024.7630049942754,0.003300088086842479,3.2470990115752385,0.0979453915957385,0.5778322481026161,0.0,0.5778322481026161,7.797403660231132,1.6341435765595969,4.771553596684081,2.0957534684194576,1.2824781729593795,31.06630198728207,0.0,0.0,14.036686111577652
15.287061536385089,14.173554133983831,0.0,7.178940342184196,8.75636687764991,0.3171515432355208,0.27093490177567464,0.0,0.1648617007569616,2.964514807286588,5.929029614573176,21.268917950374085,35.0,20.0,35.0,1024.4218740026524,1024.7630049942754,0.003264513085167842,3.2238944169899355,0.09809349682578765,0.5794827837641137,0.0,0.5794827837641137,7.880730189884918,1.6357695774478398,4.8177507997065145,2.0756573794994075,1.2689179503740922,31.320175173383387,0.0,0.0,14.173554133983831
15.447061536385089,14.310053203723815,0.0,7.262414660895166,8.849217010290467,0.31467730771240676,0.2680921257947518,0.0,0.16476777620633148,2.9918841532180482,5.9837683064360965,21.25560386847676,35.00000000000001,20.0,35.0,1024.4255225248135,1024.7630049942754,0.00322959790997506,3.2012442499248617,0.0982415405241394,0.5811459715699734,0.0,0.5811459715699734,7.96429530926142,1.63735543223111,4.8641212240698595,2.0558698147808285,1.2556038684767659,31.574628803044543,0.0,0.0,14.310053203723815
15.607061536385089,14.446179815038978,0.0,7.346495000085105,8.94233425602462,0.3122577250210058,0.2653004609293725,0.0,0.16468318756314068,3.019214146309638,6.038428292619276,21.242529164420944,35.00000000000001,20.0,35.0,1024.4291040299727,1024.7630049942754,0.00319532406578038,3.179133586742427,0.09838949170269731,0.5828216744157031,0.0,0.5828216744157031,8.048100830422158,1.638902132120271,4.910665910239689,2.0363836967911144,1.2425291644209504,31.829619183361597,0.0,0.0,14.446179815038978
15.76706153638509,14.581930516233816,0.0,7.431180918087581,9.035720606157646,0.3098912948796503,0.2625585167265029,0.0,0.16460753304926556,3.0465041363321745,6.093008272664349,21.229687326048914,35.0,20.0,35.0,1024.4326203779008,1024.7630049942754,0.003161673755180734,3.157548016419014,0.09853731973945712,0.5845097532132664,0.0,0.5845097532132664,8.132148545541881,1.6404106438531028,4.957385869211726,2.017192178261907,1.2296873260489187,32.0851028343373,0.0,0.0,14.581930516233816
15.92706153638509,14.717301911294541,0.0,7.51647184862866,9.129378029587174,0.3075765691042787,0.2598649538028965,0.0,0.16454042557067128,3.0737534903103483,6.147506980620697,21.217072080387222,35.0,20.0,35.0,1024.4360733588258,1024.7630049942754,0.003128629846274102,3.136473617214363,0.09868499439714842,0.5862100669681846,0.0,0.5862100669681846,8.216440226628457,1.6418819102985447,5.004282083316489,1.998288632317205,1.2170720803872277,32.34103651300814,0.0,0.0,14.717301911294541
16.08706153638509,14.852290661457351,0.0,7.602367102439495,9.223308472504458,0.30531214925255823,0.2572184815221361,0.0,0.16448149210371027,3.1009615930714065,6.201923186142813,21.204677382767184,35.0,20.0,35.0,1024.4394646966534,1024.7630049942754,0.0030961758418401723,3.11589693465272,0.09883248584131116,0.5879224728584707,0.0,0.5879224728584707,8.300977625254012,1.643316851046019,5.051355506985885,1.979666643175337,1.204677382767189,32.597377237229864,0.0,0.0,14.852290661457351
16.24706153638509,14.986893486724371,0.0,7.688865868941733,9.317513858108393,0.303096684397973,0.2546178557967271,0.0,0.16443037311434142,3.128127847763824,6.256255695527648,21.19249740653101,35.0,20.0,35.0,1024.442796052008,1024.7630049942754,0.0030642958502443076,3.0958049606962845,0.09897976465777834,0.5896468263152569,0.0,0.5896468263152569,8.385762472297554,1.6447163629802037,5.098607067484065,1.9613199973330273,1.1924974065310214,32.8540823090855,0.0,0.0,14.986893486724371
16.40706153638509,15.121107167325333,0.0,7.775967218003231,9.411996086332575,0.3009288690257312,0.25206187700745925,0.0,0.16438672200814194,3.1552516763452716,6.310503352690543,21.180526533287214,34.99999999999999,20.0,35.0,1024.4460690251099,1024.7630049942754,0.003032974557892924,3.0761851140683687,0.09912680186953585,0.5913829811049545,0.0,0.5913829811049545,8.470796477699317,1.6460813208416163,5.146037665604715,1.9432426752020076,1.1805265332872237,33.11110933787651,0.0,0.0,15.121107167325333
16.56706153638509,15.25492854512321,0.0,7.863670101761503,9.506757033585608,0.2988074410429199,0.2495493880328046,0.0,0.16435020460915398,3.1823325200392505,6.364665040078501,21.16875934368129,34.99999999999999,20.0,35.0,1024.4492851584996,1024.7630049942754,0.003002197203175001,3.0570252216395994,0.09927356895293372,0.5931307894127972,0.0,0.5931307894127972,8.556081330227046,1.6474125777733528,5.193648176336901,1.9254288431707047,1.1687593436813015,33.36841626266239,0.0,0.0,15.25492854512321
16.72706153638509,15.38835452496218,0.0,7.951973356512166,9.601798552504883,0.29673117989586173,0.24707927238162525,0.0,0.16432049866573825,3.209369839759854,6.418739679519708,21.157190608650335,34.99999999999999,20.0,35.0,1024.452445939612,1024.7630049942754,0.0029719495518201015,3.0383135008005775,0.09942003785322429,0.5948901019276108,0.0,0.5948901019276108,8.641618697254394,1.648710965854332,5.241439449501366,1.90787284606547,1.1571906086503434,33.62596137431353,0.0,0.0,15.38835452496218
16.88706153638509,15.521382075956351,0.0,8.040875704659602,9.69712247172401,0.29469890478810334,0.24465045242293093,0.0,0.16429729338173166,3.2363631165042253,6.4727262330084505,21.14581528113212,34.99999999999999,20.0,35.0,1024.4555528032208,1024.7630049942754,0.002942217873509706,3.020038542799711,0.0995661809994049,0.5966607679276517,0.0,0.5966607679276517,8.727410224551608,1.6499772966193704,5.2894123103591495,1.8905691999875507,1.145815281132127,33.883703337044025,0.0,0.0,15.521382075956351
17.04706153638509,15.6540082327179,0.0,8.13037575672693,9.792730595654046,0.2927094729929242,0.2422618877068576,0.0,0.16428028897133498,3.2633118517123454,6.526623703424691,21.134628488201447,34.999999999999986,20.0,35.0,1024.458607133748,1024.7630049942754,0.0029129889197723165,3.0021892969337247,0.09971197131834511,0.5984426353673593,0.0,0.5984426353673593,8.813457536088642,1.6512123615664187,5.337567560194242,1.8735125855036643,1.1346284882014577,34.141601209393734,0.0,0.0,15.6540082327179
17.20706153638509,15.786230096523342,0.0,8.220472013422349,9.888624704278689,0.2907617782546577,0.23991257337143534,0.0,0.16426919623625852,3.2902155675938825,6.580431135187765,21.12362552360829,34.99999999999999,20.0,35.0,1024.4616102674604,1024.7630049942754,0.002884249902968693,2.984755055599003,0.09985738224818078,0.6002355509648746,0.0,0.6002355509648746,8.899762233850819,1.6524169326512737,5.3859059768718955,1.8566978411695083,1.1236255236083,34.399614464629806,0.0,0.0,15.786230096523342
17.36706153638509,15.918044836416854,0.0,8.311162867758762,9.984806552963503,0.28885474927349714,0.23760153863008154,0.0,0.164263736163746,3.3170738074219535,6.634147614843907,21.112801840693972,34.999999999999986,20.0,35.0,1024.4645634945475,1024.7630049942754,0.002855988476402017,2.967725440101349,0.10000238775095761,0.6020393602901477,0.0,0.6020393602901477,8.986325897667152,1.6535917627700756,5.4344283153741495,1.8401199573669453,1.1128018406939812,34.657703010538086,0.0,0.0,15.918044836416854
17.52706153638509,16.049449690249624,0.0,8.40244660722365,10.081277872279292,0.2869873482688195,0.23532784533509424,0.0,0.16426363954421153,3.3438861357936984,6.687772271587397,21.10215304566334,34.99999999999999,20.0,35.0,1024.4674680610958,1024.7630049942754,0.0028281927154289706,2.9510903872086174,0.10014696232451212,0.6038539078535059,0.0,0.6038539078535059,9.073150085051363,1.6547375862298925,5.483135308313974,1.8237740704368883,1.1021530456633453,34.91582720858018,0.0,0.0,16.049449690249624
17.68706153638509,16.18044196565445,0.0,8.494321415995989,10.178040367839667,0.28515856961638175,0.23309058661273538,0.0,0.1642686466072931,3.370652138857663,6.741304277715326,21.091674891192184,34.999999999999986,20.0,35.0,1024.4703251709634,1024.7630049942754,0.0028008510995173297,2.9348401364004397,0.10029108101357713,0.6056790371945124,0.0,0.6056790371945124,9.1602363310557,1.6558551192076862,5.532027666429417,1.8076554570910859,1.0916748911921925,35.17394789239075,0.0,0.0,16.18044196565445
17.84706153638509,16.31101904095484,0.0,8.586785377207041,10.275095720152837,0.2833674385550431,0.23088888556578438,0.0,0.16427850667520771,3.397371424508112,6.794742849016224,21.081363270350707,34.999999999999986,20.0,35.0,1024.4731359875582,1024.7630049942754,0.0027739524952304813,2.9189652177556837,0.10043471942010254,0.6075145909709658,0.0,0.6075145909709658,9.247586148137554,1.6569450601979474,5.581106079059006,1.791759529087115,1.0813632703507154,35.432026385591655,0.0,0.0,16.31101904095484
18.00706153638509,16.44117836600811,0.0,8.679836475241798,10.372445584487654,0.28161300995896044,0.2287218940397106,0.0,0.16429297783238625,3.4240436225464017,6.848087245092803,21.071214210824888,34.999999999999986,20.0,35.0,1024.4759016355301,1024.7630049942754,0.0027474861400322596,2.9034564404683265,0.10057785371278465,0.6093604110479062,0.0,0.6093604110479062,9.335201026038888,1.6580080904492749,5.6303712145996245,1.7760818281519115,1.0712142108248952,35.69002451890491,0.0,0.0,16.44117836600811
18.16706153638509,16.570917462982003,0.0,8.773472598077799,10.470091590753881,0.27989436717144905,0.22658879144886526,0.0,0.16431182661040744,3.4506683848097035,6.901336769619407,21.061223869418985,34.999999999999986,20.0,35.0,1024.4786232023791,1024.7630049942754,0.0027214416269012083,2.888304881936612,0.1007204606357983,0.6112163385864651,0.0,0.6112163385864651,9.423082431678493,1.6590448743901807,5.67982372094797,1.7606180211400975,1.0612238694189946,35.947904646543655,0.0,0.0,16.570917462982003
18.32706153638509,16.70023392706461,0.0,8.867691539658079,10.568035343396655,0.2782106208969502,0.22448878365932282,0.0,0.16433482768732954,3.4772453852674206,6.954490770534841,21.05138852682336,34.999999999999986,20.0,35.0,1024.4813017399815,1024.7630049942754,0.0026958088897216415,2.873501877385302,0.10086251751672816,0.6130822141324214,0.0,0.6130822141324214,9.511231809056989,1.660056060044378,5.72946422592664,1.7453638954142654,1.0513885268233696,36.205629661864215,0.0,0.0,16.70023392706461
18.48706153638509,16.829125427107385,0.0,8.962491002294946,10.666278421305089,0.27656090814777873,0.2224211019252177,0.0,0.16436176360058932,3.5037743200856637,7.007548640171327,21.041704582632814,34.99999999999999,20.0,35.0,1024.483938266048,1024.7630049942754,0.002670578189331819,2.8590390100308922,0.10100400227369997,0.6149578777043357,0.0,0.6149578777043357,9.599650579174579,1.661042279435817,5.7792933376958695,1.7303153544351622,1.0417045826328237,36.46316301226752,0.0,0.0,16.829125427107385
18.647061536385092,16.957589706201315,0.0,9.057868599101328,10.76482237773493,0.2749443912425195,0.2203850018756219,0.0,0.16439242447266778,3.530254907660313,7.060509815320626,21.03216855060166,34.999999999999986,20.0,35.0,1024.4865337655037,1024.7630049942754,0.0026457401003162806,2.844908101693201,0.1011448934217109,0.6168431688811151,0.0,0.6168431688811151,9.688340139961436,1.6620041489837223,5.82931164515181,1.7154684135504947,1.0321685506016725,36.72046871333451,0.0,0.0,16.957589706201315
18.807061536385092,17.085624582186274,0.0,9.153821856446392,10.863668740245172,0.27336025685314363,0.21837976254919464,0.0,0.16442660774878873,3.5566868886192142,7.1133737772384285,21.022777054122532,34.999999999999986,20.0,35.0,1024.4890891918096,1024.7630049942754,0.00262128549836391,2.8311012039009587,0.10128517007816283,0.6187379268888779,0.0,0.6187379268888779,9.777301866220654,1.6629422698878726,5.879519718312235,1.700819195971773,1.0227770541225427,36.977511362185474,0.0,0.0,17.085624582186274
18.967061536385092,17.21322794809389,0.0,9.250348216432215,10.962819010648513,0.27180771509810076,0.21640468547400638,0.0,0.16446411794597232,3.5830700257941084,7.166140051588217,21.01352682191674,34.999999999999986,20.0,35.0,1024.4916054682158,1024.7630049942754,0.002597205548270067,2.817610589405443,0.10142481196760428,0.6206419906870082,0.0,0.6206419906870082,9.86653710958366,1.6638572285043713,5.929918108690501,1.6863639289292465,1.0135268219167497,37.23425615005668,0.0,0.0,17.21322794809389
19.127061536385092,17.340397772524252,0.0,9.347445039388253,11.062274664975488,0.2702859986787988,0.21445909379010217,0.0,0.16450476641278156,3.609404104163023,7.218808208326046,21.00441468392483,34.999999999999986,20.0,35.0,1024.4940834889571,1024.7630049942754,0.0025734916924957415,2.8044287441067053,0.10156379942568565,0.6225551990532502,0.0,0.6225551990532502,9.95604719847794,1.6647495967121384,5.980507349658483,1.672098939995626,1.0044146839248391,37.490668874084015,0.0,0.0,17.340397772524252
19.287061536385092,17.467132099956928,0.0,9.44510960638041,11.162037153452154,0.2687943620570624,0.21254233141251644,0.0,0.16454837109918524,3.6356889307637963,7.271377861527593,20.995437567386578,34.99999999999998,20.0,35.0,1024.4965241203963,1024.7630049942754,0.0025501356402315195,2.791548359381787,0.1017021134023393,0.6244773906677592,0.0,0.6244773906677592,10.045833438106937,1.6656199322703524,6.031287956799237,1.6580206535698108,0.9954375673865866,37.74671594829361,0.0,0.0,17.467132099956928
19.447061536385092,17.593429050996956,0.0,9.543339121731558,11.262107900491117,0.2673320806712818,0.21065376223259177,0.0,0.16459475633595194,3.6619243345796084,7.323848669159217,20.986592493100378,34.99999999999998,20.0,35.0,1024.4989282021072,1024.7630049942754,0.0025271293570272814,2.778962324744595,0.10183973546419238,0.6264084041959731,0.0,0.6264084041959731,10.135897110442004,1.6664687791670691,6.082260428250031,1.6441255875123995,0.9865924931003884,38.00236441379268,0.0,0.0,17.593429050996956
19.607061536385093,17.719286822556484,0.0,9.642130715550392,11.362488304695724,0.265898450189121,0.2087927693555835,0.0,0.1646437526230576,3.688110166397332,7.376220332794664,20.977876571852594,34.999999999999986,20.0,35.0,1024.5012965479152,1024.7630049942754,0.0025044650548374913,2.7666637208844183,0.10197664779622524,0.6283480783702017,0.0,0.6283480783702017,10.226239474226151,1.6672966679592318,6.133425245036356,1.6304103499252356,0.9778765718525997,38.25758194816112,0.0,0.0,17.719286822556484
19.767061536385093,17.84470368797288,0.0,9.741481446265546,11.463179738877201,0.26449278579477864,0.20695875437265213,0.0,0.16469519642661984,3.7142462986395754,7.428492597279151,20.96928700100792,34.999999999999986,20.0,35.0,1024.503629946884,1024.7630049942754,0.0024821351825778265,2.754645812998122,0.10211283320268953,0.6302962520698496,0.0,0.6302962520698496,10.316861764989481,1.6681041161042849,6.18478287139752,1.616871636067701,0.9692870010079268,38.51233687404597,0.0,0.0,17.84470368797288
19.927061536385093,17.969677997064284,0.0,9.841388303161986,11.564183550084506,0.2631144215089077,0.20515113666545987,0.0,0.16474892998389076,3.740332625171383,7.480665250342766,20.960821061252513,34.999999999999986,20.0,35.0,1024.5059291642626,1024.7630049942754,0.0024601324170647606,2.7429020444554473,0.10224827510730046,0.632252764400161,0.0,0.632252764400161,10.407765195076054,1.6688916282836042,6.236333755104321,1.6035062254028962,0.9608210612525185,38.76659816696027,0.0,0.0,17.969677997064284
20.087061536385093,18.094208176123562,0.0,9.941848208916726,11.665501059646656,0.261762709539416,0.20336935274169085,0.0,0.1648048011158728,3.7663690610825773,7.532738122165155,20.952476113481882,34.999999999999986,20.0,35.0,1024.5081949423857,1024.7630049942754,0.0024384496543946766,2.7314260307372558,0.10238295755271891,0.6342174547693986,0.0,0.6342174547693986,10.498950953681991,1.6696596967179373,6.28807832776934,1.5903109787672514,0.9524761134818895,39.020335462289815,0.0,0.0,18.094208176123562
20.247061536385093,18.218292727851843,0.0,10.042858022130998,11.767133563227283,0.2604370196614778,0.20161285559991446,0.0,0.16486266304715874,3.7923555424467335,7.584711084893467,20.944249595826264,34.999999999999986,20.0,35.0,1024.5104280015366,1024.7630049942754,0.002417080001688533,2.7202115536601648,0.10251686519934207,0.6361901629643782,0.0,0.6361901629643782,10.590420206904554,1.6704088014750584,6.340017005150271,1.57728283565747,0.9442495958262712,39.273519061515145,0.0,0.0,18.218292727851843
20.407061536385093,18.341930231232805,0.0,10.144414539856099,11.869082330891123,0.2591367386251908,0.1998811141223022,0.0,0.16492237423263004,3.8182920260577604,7.636584052115521,20.936139020806404,34.99999999999998,20.0,35.0,1024.5126290407686,1024.7630049942754,0.0023960167692347136,2.7092525558435576,0.10264998332342215,0.6381707292242962,0.0,0.6381707292242962,10.68217409780201,1.6711394107698263,6.392150187446758,1.564418811629071,0.9361390208064129,39.52611993765855,0.0,0.0,18.341930231232805
20.567061536385093,18.46511934134901,0.0,10.246514500110171,11.97134860718219,0.25786126958937616,0.19817361249379445,0.0,0.1649837981906233,3.8441784891453072,7.6883569782906145,20.92814197261325,34.99999999999998,20.0,35.0,1024.5147987386936,1024.7630049942754,0.002375253462936509,2.6985431354466263,0.10278229781453006,0.6401589943127376,0.0,0.6401589943127376,10.774213746463971,1.6718519812568335,6.4444782595911,1.5517159958011089,0.9281419726132626,39.778109739959056,0.0,0.0,18.46511934134901
20.727061536385094,18.58785878914165,0.0,10.349154584383315,12.07393361121331,0.2566100315801504,0.19648984964639424,0.0,0.16504680334227365,3.870014929069892,7.740029858139784,20.92025610450532,34.99999999999998,20.0,35.0,1024.5169377542347,1024.7630049942754,0.002354783777112085,2.6880775411260314,0.10291379517238888,0.6421547995878479,0.0,0.6421547995878479,10.866540250091978,1.6725469583158303,6.497001591533209,1.539171548461962,0.9202561045053284,40.02946079779333,0.0,0.0,18.58785878914165
20.887061536385094,18.710147381115128,0.0,10.452331420128463,12.176838536766743,0.2553824589729387,0.1948293387273395,0.0,0.1651112628566941,3.8958013629989816,7.791602725997963,20.912479136317867,34.999999999999986,20.0,35.0,1024.5190467273446,1024.7630049942754,0.002334601587623015,2.67785016720533,0.10304446250309583,0.6441579870705748,0.0,0.6441579870705748,10.959154683090068,1.6732247763301025,6.549720538520157,1.5267826987713584,0.9124791363178731,40.28014612384914,0.0,0.0,18.710147381115128
21.047061536385094,18.831983998988,0.0,10.55604158323558,12.280064552405555,0.25417800099669574,0.19319160658997644,0.0,0.16517705450170742,3.9215378275650976,7.843075655130195,20.90480885207843,34.999999999999986,20.0,35.0,1024.5211262796945,1024.7630049942754,0.002314700945276975,2.6678555490665414,0.10317428751475666,0.6461683995109342,0.0,0.6461683995109342,11.052058097165,1.6738858589579735,6.602635441370609,1.5145467425540837,0.9048088520784316,40.530139416566406,0.0,0.0,18.831983998988
21.207061536385094,18.953367599291788,0.0,10.660281600486824,12.383612801595438,0.2529961212591739,0.1915761933062217,0.0,0.1652440604998673,3.9472243785070127,7.894448757014025,20.897243097723436,34.999999999999986,20.0,35.0,1024.5231770153334,1024.7630049942754,0.0022950760695198322,2.658088358735997,0.10330325851255612,0.6481858804522683,0.0,0.6481858804522683,11.145251521435894,1.6745306193976055,6.655746626744442,1.5024610401810548,0.8972430977234379,40.779415061862046,0.0,0.0,18.953367599291788
21.367061536385094,19.07429721291932,0.0,10.765047951990407,12.487484402836644,0.25183629729212786,0.18998265169956377,0.0,0.16531216738949145,3.9728610902952606,7.945722180590521,20.88977977891104,34.999999999999986,20.0,35.0,1024.5251995213175,1024.7630049942754,0.0022757213424149485,2.648543400646929,0.1034313643932871,0.6502102742934287,0.0,0.6502102742934287,11.23873596255298,1.6751594606452627,6.7090544074078045,1.490523014533687,0.889779778911045,41.02794813415043,0.0,0.0,19.07429721291932
21.527061536385094,19.194771944624232,0.0,10.870337073590981,12.5916804498057,0.250698020115429,0.18841054689761105,0.0,0.1653812658904846,3.998448055742989,7.996896111485978,20.88241685892549,34.999999999999986,20.0,35.0,1024.5271943683176,1024.7630049942754,0.0022566313028270207,2.6392156076094153,0.10355859463936397,0.652241426348868,0.0,0.652241426348868,11.33251240482513,1.6757727757471947,6.762559082493855,1.4787301490476978,0.8824168589254952,41.27571439667976,0.0,0.0,19.194771944624232
21.686902550674407,19.31467194071941,0.0,10.976039965242546,12.696097990626908,0.24958189367548675,0.18686098686850985,0.0,0.16545118082736238,4.023960034757454,8.047920069514907,20.875159526912444,34.99999999999999,20.0,35.0,1024.5291601691972,1024.7630049942754,0.002237819225203351,2.6301089909546858,0.10368481421129622,0.6542771548405343,0.0,0.6542771548405343,11.426488191564218,1.6763703610565122,6.816207478377756,1.4670914921122646,0.8751595269124467,41.522445290852524,0.0,0.0,19.31467194071941
