case_id,sea_temp_C,sea_salinity_psu,current_mps,current_direction_deg,status,termination,centerline_dilution_end,centerline_delta_T_end_C,green_path_fraction,velocity0_mps,Fr0,LM_m,warnings
env_001,0.0,30.0,0.0,90.0,RED,surface,7.328277302998373,1.3645771832226503,,2.2104853207207684,25.000869525236418,18.828580129781354,
env_002,0.0,30.0,0.1,0.0,RED,surface,9.102337592652146,1.098618887534175,,2.2104853207207684,25.000869525236418,18.828580129781354,
env_003,0.0,30.0,0.1,90.0,AMBER,surface,10.129873032434189,0.9871792043179262,,2.2104853207207684,25.000869525236418,18.828580129781354,
env_004,0.0,30.0,0.1,180.0,RED,surface,7.242436952227542,1.3807507149819676,,2.2104853207207684,25.000869525236418,18.828580129781354,
env_005,0.0,30.0,0.3,0.0,AMBER,surface,13.256704254320468,0.7543353014563117,,2.2104853207207684,25.000869525236418,18.828580129781354,
env_006,0.0,30.0,0.3,90.0,AMBER,surface,15.91282465614126,0.6284239420774793,0.9134335717725935,2.2104853207207684,25.000869525236418,18.828580129781354,
env_007,0.0,30.0,0.3,180.0,RED,surface,7.9180900853346845,1.262930819456232,,2.2104853207207684,25.000869525236418,18.828580129781354,
env_008,0.0,30.0,0.5,0.0,AMBER,horizontal_clearance,14.980565811650594,0.6675315288974507,,2.2104853207207684,25.000869525236418,18.828580129781354,
env_009,0.0,30.0,0.5,90.0,AMBER,horizontal_clearance,14.736028532327522,0.6786088923526618,,2.2104853207207684,25.000869525236418,18.828580129781354,
env_010,0.0,30.0,0.5,180.0,RED,surface,9.33866858037617,1.0708164567498968,,2.2104853207207684,25.000869525236418,18.828580129781354,
env_011,0.0,35.0,0.0,90.0,RED,surface,7.2772385604763175,1.3741476133971167,,2.2104853207207684,23.556648706905218,17.74091286382492,
env_012,0.0,35.0,0.1,0.0,RED,surface,8.962725073393003,1.1157320924287057,,2.2104853207207684,23.556648706905218,17.74091286382492,
env_013,0.0,35.0,0.1,90.0,RED,surface,9.929177736543929,1.0071327420391936,,2.2104853207207684,23.556648706905218,17.74091286382492,
env_014,0.0,35.0,0.1,180.0,RED,surface,7.274579375137671,1.3746499260392977,,2.2104853207207684,23.556648706905218,17.74091286382492,
env_015,0.0,35.0,0.3,0.0,AMBER,surface,12.867109125160962,0.7771753470595443,,2.2104853207207684,23.556648706905218,17.74091286382492,
env_016,0.0,35.0,0.3,90.0,AMBER,surface,15.166975209948317,0.6593272463082028,0.9849891937787583,2.2104853207207684,23.556648706905218,17.74091286382492,
env_017,0.0,35.0,0.3,180.0,RED,surface,7.935320719806314,1.2601885107227375,,2.2104853207207684,23.556648706905218,17.74091286382492,
env_018,0.0,35.0,0.5,0.0,AMBER,horizontal_clearance,15.52790451860408,0.6440018991628225,0.9602416795149471,2.2104853207207684,23.556648706905218,17.74091286382492,
env_019,0.0,35.0,0.5,90.0,AMBER,horizontal_clearance,15.222391591836898,0.6569269972901343,0.9785922595838954,2.2104853207207684,23.556648706905218,17.74091286382492,
env_020,0.0,35.0,0.5,180.0,RED,surface,9.328764043341602,1.071953364190564,,2.2104853207207684,23.556648706905218,17.74091286382492,
env_021,0.0,40.0,0.0,90.0,RED,surface,7.224379370636733,1.384201948287031,,2.2104853207207684,22.36941550033777,16.84678733990953,
env_022,0.0,40.0,0.1,0.0,RED,surface,8.844471316367036,1.130649831097831,,2.2104853207207684,22.36941550033777,16.84678733990953,
env_023,0.0,40.0,0.1,90.0,RED,surface,9.764637128037954,1.0241035963626575,,2.2104853207207684,22.36941550033777,16.84678733990953,
env_024,0.0,40.0,0.1,180.0,RED,surface,7.29634306921074,1.3705495897250513,,2.2104853207207684,22.36941550033777,16.84678733990953,
env_025,0.0,40.0,0.3,0.0,AMBER,surface,12.565607770460202,0.7958230260464163,,2.2104853207207684,22.36941550033777,16.84678733990953,
env_026,0.0,40.0,0.3,90.0,AMBER,surface,14.633567624106439,0.6833603572874885,,2.2104853207207684,22.36941550033777,16.84678733990953,
env_027,0.0,40.0,0.3,180.0,RED,surface,7.9477645140343745,1.2582154368491585,,2.2104853207207684,22.36941550033777,16.84678733990953,
env_028,0.0,40.0,0.5,0.0,AMBER,horizontal_clearance,16.044424436285656,0.6232694753065905,0.9273437677287799,2.2104853207207684,22.36941550033777,16.84678733990953,
env_029,0.0,40.0,0.5,90.0,AMBER,horizontal_clearance,15.720224044922267,0.6361232493521658,0.9365654475163985,2.2104853207207684,22.36941550033777,16.84678733990953,
env_030,0.0,40.0,0.5,180.0,RED,surface,9.318586339459527,1.073124145199474,,2.2104853207207684,22.36941550033777,16.84678733990953,
env_031,10.0,30.0,0.0,90.0,RED,surface,6.974428381969521,1.4338092603907535,,2.2104853207207684,17.43036591986314,13.127105082576112,
env_032,10.0,30.0,0.1,0.0,RED,surface,8.372729770981584,1.194353606712383,,2.2104853207207684,17.43036591986314,13.127105082576112,
env_033,10.0,30.0,0.1,90.0,RED,surface,9.129011890597873,1.095408804352547,,2.2104853207207684,17.43036591986314,13.127105082576112,
env_034,10.0,30.0,0.1,180.0,RED,surface,7.3591550950702525,1.3588516440832719,,2.2104853207207684,17.43036591986314,13.127105082576112,
env_035,10.0,30.0,0.3,0.0,AMBER,surface,11.494235696224086,0.8700013001547419,,2.2104853207207684,17.43036591986314,13.127105082576112,
env_036,10.0,30.0,0.3,90.0,AMBER,surface,12.950573110457562,0.772166599478522,,2.2104853207207684,17.43036591986314,13.127105082576112,
env_037,10.0,30.0,0.3,180.0,RED,surface,7.976107678996738,1.2537443578316678,,2.2104853207207684,17.43036591986314,13.127105082576112,
env_038,10.0,30.0,0.5,0.0,AMBER,surface,14.531737121349796,0.6881489746541148,,2.2104853207207684,17.43036591986314,13.127105082576112,
env_039,10.0,30.0,0.5,90.0,AMBER,surface,15.45891623525151,0.6468758771844981,0.9661889755454973,2.2104853207207684,17.43036591986314,13.127105082576112,
env_040,10.0,30.0,0.5,180.0,RED,surface,9.252389640963408,1.0808018671983584,,2.2104853207207684,17.43036591986314,13.127105082576112,
env_041,10.0,35.0,0.0,90.0,RED,surface,6.954591240303822,1.4378990302186523,,2.2104853207207684,17.092053806451492,12.87231647493121,
env_042,10.0,35.0,0.1,0.0,RED,surface,8.337253083521974,1.1994358213455623,,2.2104853207207684,17.092053806451492,12.87231647493121,
env_043,10.0,35.0,0.1,90.0,RED,surface,9.081555307998467,1.1011329734668491,,2.2104853207207684,17.092053806451492,12.87231647493121,
env_044,10.0,35.0,0.1,180.0,RED,surface,7.363529433331371,1.358044412063394,,2.2104853207207684,17.092053806451492,12.87231647493121,
env_045,10.0,35.0,0.3,0.0,AMBER,surface,11.417252533603996,0.8758674620332128,,2.2104853207207684,17.092053806451492,12.87231647493121,
env_046,10.0,35.0,0.3,90.0,AMBER,surface,12.838205239288925,0.7789250766452052,,2.2104853207207684,17.092053806451492,12.87231647493121,
env_047,10.0,35.0,0.3,180.0,RED,surface,7.9772521797830445,1.253564482434598,,2.2104853207207684,17.092053806451492,12.87231647493121,
env_048,10.0,35.0,0.5,0.0,AMBER,surface,14.415225809679566,0.6937109506314622,,2.2104853207207684,17.092053806451492,12.87231647493121,
env_049,10.0,35.0,0.5,90.0,AMBER,surface,15.322415573517233,0.6526386098862685,0.9750589099096979,2.2104853207207684,17.092053806451492,12.87231647493121,
env_050,10.0,35.0,0.5,180.0,RED,surface,9.245194950146205,1.0816429565762546,,2.2104853207207684,17.092053806451492,12.87231647493121,
env_051,10.0,40.0,0.0,90.0,RED,surface,6.936447421366542,1.4416601745147966,,2.2104853207207684,16.78127062048135,12.63826037083768,
env_052,10.0,40.0,0.1,0.0,RED,surface,8.30490208250068,1.2041081159850244,,2.2104853207207684,16.78127062048135,12.63826037083768,
env_053,10.0,40.0,0.1,90.0,RED,surface,9.038285019480764,1.1064045865389722,,2.2104853207207684,16.78127062048135,12.63826037083768,
env_054,10.0,40.0,0.1,180.0,RED,surface,7.367488333661759,1.3573146704977326,,2.2104853207207684,16.78127062048135,12.63826037083768,
env_055,10.0,40.0,0.3,0.0,AMBER,surface,11.347281754043143,0.8812683263493396,,2.2104853207207684,16.78127062048135,12.63826037083768,
env_056,10.0,40.0,0.3,90.0,AMBER,surface,12.73696190180231,0.7851165825176077,,2.2104853207207684,16.78127062048135,12.63826037083768,
env_057,10.0,40.0,0.3,180.0,RED,surface,7.978171538191478,1.2534200289038706,,2.2104853207207684,16.78127062048135,12.63826037083768,
env_058,10.0,40.0,0.5,0.0,AMBER,surface,14.309684943360397,0.6988274053259248,,2.2104853207207684,16.78127062048135,12.63826037083768,
env_059,10.0,40.0,0.5,90.0,AMBER,surface,15.199738813831583,0.6579060418393583,0.9856180943700216,2.2104853207207684,16.78127062048135,12.63826037083768,
env_060,10.0,40.0,0.5,180.0,RED,surface,9.238245839515336,1.0824565803635973,,2.2104853207207684,16.78127062048135,12.63826037083768,
env_061,20.0,30.0,0.0,90.0,RED,surface,6.823714647392452,1.4654774586480257,,2.2104853207207684,14.635852478233337,11.02250947215683,
env_062,20.0,30.0,0.1,0.0,RED,surface,8.105661317761227,1.2337056296798232,,2.2104853207207684,14.635852478233337,11.02250947215683,
env_063,20.0,30.0,0.1,90.0,RED,surface,8.771654717396386,1.140035754048492,,2.2104853207207684,14.635852478233337,11.02250947215683,
env_064,20.0,30.0,0.1,180.0,RED,surface,7.389178887489171,1.3533303432308674,,2.2104853207207684,14.635852478233337,11.02250947215683,
env_065,20.0,30.0,0.3,0.0,AMBER,surface,10.921445232370052,0.915629734639974,,2.2104853207207684,14.635852478233337,11.02250947215683,
env_066,20.0,30.0,0.3,90.0,AMBER,surface,12.140167273289848,0.8237118793248813,,2.2104853207207684,14.635852478233337,11.02250947215683,
env_067,20.0,30.0,0.3,180.0,RED,surface,7.982601065491563,1.252724508961066,,2.2104853207207684,14.635852478233337,11.02250947215683,
env_068,20.0,30.0,0.5,0.0,AMBER,surface,13.675336940855043,0.7312434087181442,,2.2104853207207684,14.635852478233337,11.02250947215683,
env_069,20.0,30.0,0.5,90.0,AMBER,surface,14.482582435090471,0.6904845903566598,,2.2104853207207684,14.635852478233337,11.02250947215683,
env_070,20.0,30.0,0.5,180.0,RED,surface,9.18408115300109,1.0888405528442322,,2.2104853207207684,14.635852478233337,11.02250947215683,
env_071,20.0,35.0,0.0,90.0,RED,surface,6.816207478377756,1.4670914921122646,,2.2104853207207684,14.503074478440391,10.92251210182337,
env_072,20.0,35.0,0.1,0.0,RED,surface,8.092160522411993,1.235763918956386,,2.2104853207207684,14.503074478440391,10.92251210182337,
env_073,20.0,35.0,0.1,90.0,RED,surface,8.753418475498352,1.1424108224679248,,2.2104853207207684,14.503074478440391,10.92251210182337,
env_074,20.0,35.0,0.1,180.0,RED,surface,7.390919781338074,1.3530115730994405,,2.2104853207207684,14.503074478440391,10.92251210182337,
env_075,20.0,35.0,0.3,0.0,AMBER,surface,10.89213585236864,0.9180935801333553,,2.2104853207207684,14.503074478440391,10.92251210182337,
env_076,20.0,35.0,0.3,90.0,AMBER,surface,12.099753099756363,0.8264631449546981,,2.2104853207207684,14.503074478440391,10.92251210182337,
env_077,20.0,35.0,0.3,180.0,RED,surface,7.983401322237321,1.2525989357625746,,2.2104853207207684,14.503074478440391,10.92251210182337,
env_078,20.0,35.0,0.5,0.0,AMBER,surface,13.631605302076096,0.7335893153007443,,2.2104853207207684,14.503074478440391,10.92251210182337,
env_079,20.0,35.0,0.5,90.0,AMBER,surface,14.433948525409793,0.692811116957762,,2.2104853207207684,14.503074478440391,10.92251210182337,
env_080,20.0,35.0,0.5,180.0,RED,surface,9.179675735042622,1.0893630982874332,,2.2104853207207684,14.503074478440391,10.92251210182337,
env_081,20.0,40.0,0.0,90.0,RED,surface,6.809122536650517,1.468618011524156,,2.2104853207207684,14.376300657073212,10.827036580399561,
env_082,20.0,40.0,0.1,0.0,RED,surface,8.079405321582154,1.2377148567218736,,2.2104853207207684,14.376300657073212,10.827036580399561,
env_083,20.0,40.0,0.1,90.0,RED,surface,8.736171742753704,1.1446661414703287,,2.2104853207207684,14.376300657073212,10.827036580399561,
env_084,20.0,40.0,0.1,180.0,RED,surface,7.392565978978291,1.3527102806300657,,2.2104853207207684,14.376300657073212,10.827036580399561,
env_085,20.0,40.0,0.3,0.0,AMBER,surface,10.864413669939626,0.9204362337259541,,2.2104853207207684,14.376300657073212,10.827036580399561,
env_086,20.0,40.0,0.3,90.0,AMBER,surface,12.061643159536281,0.8290744360227332,,2.2104853207207684,14.376300657073212,10.827036580399561,
env_087,20.0,40.0,0.3,180.0,RED,surface,7.984256962501392,1.2524646998419118,,2.2104853207207684,14.376300657073212,10.827036580399561,
env_088,20.0,40.0,0.5,0.0,AMBER,surface,13.590255643237496,0.7358213312915857,,2.2104853207207684,14.376300657073212,10.827036580399561,
env_089,20.0,40.0,0.5,90.0,AMBER,surface,14.388100523100293,0.695018774990129,,2.2104853207207684,14.376300657073212,10.827036580399561,
env_090,20.0,40.0,0.5,180.0,RED,surface,9.17536168080083,1.0898752929734314,,2.2104853207207684,14.376300657073212,10.827036580399561,
env_091,30.0,30.0,0.0,90.0,RED,surface,6.745295439799198,1.482514752578086,,2.2104853207207684,13.077464698719048,9.848861125636796,
env_092,30.0,30.0,0.1,0.0,RED,surface,7.963891166509664,1.2556675864749043,,2.2104853207207684,13.077464698719048,9.848861125636796,
env_093,30.0,30.0,0.1,90.0,RED,surface,8.579175633797414,1.1656131575865272,,2.2104853207207684,13.077464698719048,9.848861125636796,
env_094,30.0,30.0,0.1,180.0,RED,surface,7.40628736305925,1.3502041589525076,,2.2104853207207684,13.077464698719048,9.848861125636796,
env_095,30.0,30.0,0.3,0.0,AMBER,surface,10.61336397707266,0.9422083348505083,,2.2104853207207684,13.077464698719048,9.848861125636796,
env_096,30.0,30.0,0.3,90.0,AMBER,surface,11.722684984557079,0.8530468926848701,,2.2104853207207684,13.077464698719048,9.848861125636796,
env_097,30.0,30.0,0.3,180.0,RED,surface,8.000599284206716,1.2499063688566587,,2.2104853207207684,13.077464698719048,9.848861125636796,
env_098,30.0,30.0,0.5,0.0,AMBER,surface,13.217544142179088,0.7565701988532468,,2.2104853207207684,13.077464698719048,9.848861125636796,
env_099,30.0,30.0,0.5,90.0,AMBER,surface,13.981240331054412,0.7152441244993489,,2.2104853207207684,13.077464698719048,9.848861125636796,
env_100,30.0,30.0,0.5,180.0,RED,surface,9.12957836258762,1.0953408364376724,,2.2104853207207684,13.077464698719048,9.848861125636796,
env_101,30.0,35.0,0.0,90.0,RED,surface,6.742128472964499,1.4832111313362473,,2.2104853207207684,13.017177131278535,9.803457533044247,
env_102,30.0,35.0,0.1,0.0,RED,surface,7.957955148573133,1.2566042172018281,,2.2104853207207684,13.017177131278535,9.803457533044247,
env_103,30.0,35.0,0.1,90.0,RED,surface,8.5709956455397,1.166725595666817,,2.2104853207207684,13.017177131278535,9.803457533044247,
env_104,30.0,35.0,0.1,180.0,RED,surface,7.407213887545698,1.3500352699162295,,2.2104853207207684,13.017177131278535,9.803457533044247,
env_105,30.0,35.0,0.3,0.0,AMBER,surface,10.600064348071111,0.943390499494439,,2.2104853207207684,13.017177131278535,9.803457533044247,
env_106,30.0,35.0,0.3,90.0,AMBER,surface,11.70479623317786,0.8543506269382525,,2.2104853207207684,13.017177131278535,9.803457533044247,
env_107,30.0,35.0,0.3,180.0,RED,surface,8.002529230115833,1.2496049326964163,,2.2104853207207684,13.017177131278535,9.803457533044247,
env_108,30.0,35.0,0.5,0.0,AMBER,surface,13.197599735256347,0.7577135388706925,,2.2104853207207684,13.017177131278535,9.803457533044247,
env_109,30.0,35.0,0.5,90.0,AMBER,surface,13.95960528353536,0.7163526329640916,,2.2104853207207684,13.017177131278535,9.803457533044247,
env_110,30.0,35.0,0.5,180.0,RED,surface,9.126903709787804,1.0956618277100783,,2.2104853207207684,13.017177131278535,9.803457533044247,
env_111,30.0,40.0,0.0,90.0,RED,surface,6.739045877700906,1.4838895863714765,,2.2104853207207684,12.957483897742252,9.7585015434252,
env_112,30.0,40.0,0.1,0.0,RED,surface,7.9521712863132485,1.2575181846511956,,2.2104853207207684,12.957483897742252,9.7585015434252,
env_113,30.0,40.0,0.1,90.0,RED,surface,8.563009477276875,1.167813725599204,,2.2104853207207684,12.957483897742252,9.7585015434252,
env_114,30.0,40.0,0.1,180.0,RED,surface,7.4081157396778226,1.3498709187870892,,2.2104853207207684,12.957483897742252,9.7585015434252,
env_115,30.0,40.0,0.3,0.0,AMBER,surface,10.587090477243587,0.9445465703249153,,2.2104853207207684,12.957483897742252,9.7585015434252,
env_116,30.0,40.0,0.3,90.0,AMBER,surface,11.687376340209518,0.8556240262064438,,2.2104853207207684,12.957483897742252,9.7585015434252,
env_117,30.0,40.0,0.3,180.0,RED,surface,8.004570198457824,1.249286314201682,,2.2104853207207684,12.957483897742252,9.7585015434252,
env_118,30.0,40.0,0.5,0.0,AMBER,surface,13.178143039523409,0.7588322550459774,,2.2104853207207684,12.957483897742252,9.7585015434252,
env_119,30.0,40.0,0.5,90.0,AMBER,surface,13.938534795537668,0.7174355229361292,,2.2104853207207684,12.957483897742252,9.7585015434252,
env_120,30.0,40.0,0.5,180.0,RED,surface,9.124243336590563,1.0959812919387437,,2.2104853207207684,12.957483897742252,9.7585015434252,
